,letter,character
0,A,Mrs. Abbott
1,A,Abbott family
2,A,Hannah Abbott
3,A,Abel Treetops
4,A,Euan Abercrombie
5,A,Aberforth Dumbledore
6,A,Abernathy
7,A,Abraham Peasegood
8,A,Abraham Potter
9,A,Abraxas Malfoy
10,A,Achilles Tolliver
11,A,Stewart Ackerley
12,A,Adalbert Waffling
13,A,Adrian Pucey
14,A,Adrian Tutley
15,A,three African wizards
16,A,Agatha Chubb
17,A,Agatha Timms
18,A,Agilbert Fontaine
19,A,Agnes
20,A,Cornelius Agrippa
21,A,Aidan Kiely
22,A,Aidan Lynch
23,A,Alasdair Maddock
24,A,Alastor Gumboil
25,A,Mad-Eye Moody
26,A,Albanian peasant
27,A,Alberic Grunnion
28,A,Alberta Toothill
29,A,Albert Boot
30,A,Albert Jorkins
31,A,Albert Runcorn
32,A,Albert Tillyman
33,A,Albus Dumbledore
34,A,Albus Potter
35,A,Alderton
36,A,Arkie Alderton
37,A,Alecto Carrow
38,A,Alfred Cattermole
39,A,Alguff the Awful
40,A,Ali Bashir
41,A,Alice Longbottom
42,A,Alicia Spinnet
43,A,Aliko Okoye
44,A,Raul Almeida
45,A,Almerick Sawbridge
46,A,Alejandra Alonso
47,A,Alphard Black
48,A,Altheda
49,A,Amarillo Lestoat
50,A,Amata
51,A,Ambrosius Flume
52,A,Amelia Susan Bones
53,A,Amos Diggory
54,A,Amy Benson
55,A,Amycus Carrow
56,A,P.C. Anderson
57,A,Andorran Minister for Magic
58,A,Andrew Kirke
59,A,Andromeda Tonks
60,A,Andros the Invincible
61,A,Angelina Johnson
62,A,Angelus Peel
63,A,Angus Buchanan
64,A,Angus Campbell
65,A,Angus Fleet
66,A,Angus McMangus
67,A,Annis Black
68,A,Anonymous
69,A,Anthony Goldstein
70,A,Antioch Peverell
71,A,Antonin Dolohov
72,A,Antonio
73,A,Apolline Delacour
74,A,Apollyon Pringle
75,A,Mrs. Figg
76,A,Aragog
77,A,Araminta Meliflua
78,A,Archer Evermonde
79,A,Archibald Alderton
80,A,Archie
81,A,Archie Aymslowe
82,A,Arcturus Black (1884)
83,A,Arcturus Black (1901)
84,A,Arcus
85,A,Argus Filch
86,A,Argus Pyrites
87,A,Ariana Dumbledore
88,A,Aristotle Twelvetrees
89,A,Arkie Philpott
90,A,Armand Malfoy
91,A,Armando Dippet
92,A,Armenian warlock
93,A,Arnold
94,A,Arnold Guzman
95,A,Arnie Peasegood
96,A,Arnulf Moe
97,A,Arsenia Gonzales
98,A,Arsenius Jigger
99,A,Artemisia Lufkin
100,A,Artemius Lawson
101,A,Arthur's contact at the Floo Regulation Panel
102,A,Arthur Weasley
103,A,Arturo Cephalopos
104,A,Asha
105,A,Astoria Greengrass
106,A,Over-Attentive Wizard
107,A,Bertram Aubrey
108,A,Audrey Weasley
109,A,"Augusta ""Gran"" Longbottom"
110,A,Augustus Pye
111,A,Augustus Rookwood
112,A,Augustus Worme
113,A,Auntie Muriel
114,A,Aunt Marge Dursley
115,A,Aurelius Dumbledore
116,A,Professor Sinistra
117,A,Avery
118,A,Avery family
119,B,Babajide Akingbade
120,B,Babayaga
121,B,Babbitty Rabbitty
122,B,Bagman Sr.
123,B,Bagman family
124,B,Ludo Bagman
125,B,Otto Bagman
126,B,Millicent Bagnold
127,B,Bathilda Bagshot
128,B,Kquewanda Bailey
129,B,Ballyfumble Stranger
130,B,Bandon Banshee
131,B,Bane
132,B,Heathcote Barbary
133,B,José Barboza
134,B,Bartholomew Barebone
135,B,Chastity Barebone
136,B,Credence Barebone
137,B,Barebone Family
138,B,Mary Lou Barebone
139,B,Modesty Barebone
140,B,Lucas Bargeworthy
141,B,Barker
142,B,Barnabas the Barmy
143,B,Barnabas Cuffe
144,B,Barnabas Deverill
145,B,Barnabus Finkley
146,B,Barnaby Snell
147,B,Cousin Barny
148,B,Barry Ryan
149,B,Barty Crouch Jr.
150,B,Barty Crouch Sr.
151,B,Baruffio
152,B,Ali Bashir
153,B,Basil
154,B,Basil Flack
155,B,Basil Horton
156,B,Bathsheda Babbling
157,B,Barny the Fruitbat
158,B,Charlie Baverstock
159,B,Beatrix Bloxam
160,B,Beaumont Marjoribanks
161,B,several Beauxbatons students
162,B,Beedle the Bard
163,B,Herbert Beery
164,B,Mr. Belby
165,B,Humphrey Belcher
166,B,Katie Bell
167,B,Brother Benedict
168,B,Benedita Dourado
169,B,Benjy Fenwick
170,B,Benjy Williams
171,B,Amy Benson
172,B,Bernadette
173,B,Bernie Pillsworth
174,B,Bertha Jorkins
175,B,Bertha Jorkins' second cousin
176,B,Berthilde Roche
177,B,Bertie Bott
178,B,Bertie Higgs
179,B,Bertram Aubrey
180,B,Bertrand de Pensées-Profondes
181,B,BF
182,B,Bill's penfriend from Brazil
183,B,Bill Weasley
184,B,Billy Stubbs
185,B,Mr. Bingley
186,B,Binky
187,B,Professor Binns
188,B,Brevis Birch
189,B,Dennis Bishop
190,B,Alphard Black
191,B,Annis Black
192,B,Arcturus Black (1884)
193,B,Arcturus Black (1901)
194,B,Bellatrix Lestrange
195,B,Belvina Black
196,B,Callidora Black
197,B,Cassiopeia Black
198,B,Charis Black
199,B,Cygnus Black
200,B,Cygnus Black (1889)
201,B,Black family
202,B,Iola Black
203,B,Marius Black
204,B,Orion Black
205,B,Phineas Black
206,B,Pollux Black
207,B,Dorea Black Potter
208,B,Regulus Black
209,B,Sirius Black
210,B,Cedrella Black Weasley
211,B,Blagdon Blay
212,B,Blaise Zabini
213,B,Blaise Zabini's mother
214,B,Susan Blancheflower
215,B,Balfour Blane
216,B,Blenheim Stalk
217,B,Barnabus Blenkinsop
218,B,Timothy Blenkinsop
219,B,Bletchley
220,B,Miles Bletchley
221,B,old bloke picking his nose
222,B,Jean-Baptiste Bloncourt
223,B,The Bloody Baron
224,B,Blodwyn Bludd
225,B,Bludgeoning Boggart of Old London Town
226,B,"Bob, Bill, and Barnaby Ollerton"
227,B,Bobbin family
228,B,Melinda Bobbin
229,B,Bob Hitchens
230,B,Bob Ogden
231,B,Broderick Bode
232,B,Old Boggle of Canterbury
233,B,Bogomil Levski
234,B,Bogrod
235,B,Sylvian Boigny
236,B,Bole
237,B,Hector Bolobolo
238,B,Bonawentura Wójcik
239,B,Bones family
240,B,Mr. and Mrs. Bones
241,B,Amelia Susan Bones
242,B,Susan Bones
243,B,Madame Bonhabille
244,B,Brother Boniface
245,B,Mr. Boot
246,B,Mrs. Boot
247,B,Albert Boot
248,B,Chadwick Boot
249,B,Gladys Boothby
250,B,Webster Boot
251,B,Libatius Borage
252,B,Mr. Borgin
253,B,Borgin
254,B,Boris the Bewildered
255,B,Boris Vulchanov
256,B,Craig Bowker Jr.
257,B,Bowman Wright
258,B,Bozo
259,B,Bradley
260,B,Barberus Bragge
261,B,Bragging Young Wizard
262,B,Betty Braithwaite
263,B,Bran the Bloodthirsty
264,B,Rudolf Brand
265,B,Maximus Brankovitch III
266,B,Brian Gadwilde
267,B,Bridget Wenlock
268,B,Bridget Wenlock's cousin
269,B,Cormac O’Brien
270,B,British envoy to the International Confederation of Wizards
271,B,Karl and Kevin Broadmoor
272,B,Brodrig the Boss-Eyed
273,B,Lavender Brown
274,B,Bruno Schmidt
275,B,Brutus Malfoy
276,B,Brutus Scrimgeour
277,B,Bruno Bruunhart
278,B,Angus Buchanan
279,B,Buckbeak
280,B,Buckley Cooper
281,B,Zygmunt Budge
282,B,Bulstrode family
283,B,K. Bundy
284,B,Bungy the Budgie
285,B,Bunty
286,B,Charity Burbage
287,B,Burdock Muldoon
288,B,Caractacus Burke
289,B,Burke family
290,C,Cadmus Peverell
291,C,Cadwallader
292,C,Calchas
293,C,Calderon-Boot family
294,C,Callidora Black
295,C,Angus Campbell
296,C,Lennox Campbell
297,C,Cantankerus Nott
298,C,S. Capper
299,C,Caractacus Burke
300,C,Caradoc Dearborn
301,C,O.W.L. Care of Magical Creatures Examiner
302,C,Carlos Lopez
303,C,Carlotta Pinkstone
304,C,Eddie Carmichael
305,C,Rancorous Carpe
306,C,Carrow
307,C,Alecto Carrow
308,C,Amycus Carrow
309,C,Carrow family
310,C,Caspar Crouch
311,C,Cassandra Trelawney
312,C,Cassandra Vablatsky
313,C,Cassiopeia Black
314,C,Catriona McCormack
315,C,Cattermole family
316,C,Reginald Cattermole
317,C,Catullus Spangle
318,C,Cecilia
319,C,Cecily
320,C,Cedrella Black Weasley
321,C,Cedric Diggory
322,C,Celestina Warbeck
323,C,Chadwick Boot
324,C,Chambers
325,C,Cho Chang
326,C,Polly Chapman
327,C,Charis Black
328,C,Charity Burbage
329,C,Charity Wilkinson
330,C,Charlie Baverstock
331,C,Charlie Weasley
332,C,Charlus Potter
333,C,Chastity Barebone
334,C,Chauncey Oldridge
335,C,Glenda Chittock
336,C,Herbert Chorley
337,C,The Chosen One
338,C,Agatha Chubb
339,C,Winston Churchill
340,C,Ciceron Harkiss
341,C,Circe
342,C,Elfrida Clagg
343,C,Clairvius Hyppolite
344,C,Clarisse Tremblay
345,C,Ptolemy
346,C,Penelope Clearwater
347,C,Cliodna
348,C,Carlos Clodoaldo
349,C,Edgar Cloggs
350,C,João Coelho
351,C,Mrs. Cole
352,C,Colin Creevey
353,C,Colonel Fubster
354,C,Magenta Comstock
355,C,Connolly
356,C,cook at the Riddle House
357,C,Buckley Cooper
358,C,Howland Coopey
359,C,Ritchie Coote
360,C,Corban Yaxley
361,C,Cordelia Misericordia
362,C,Cormac O’Brien
363,C,Cormack McLeod
364,C,Cormac McLaggen
365,C,Cornelius Agrippa
366,C,Cornelius Fudge
367,C,Michael Corner
368,C,Corvinus Gaunt
369,C,Corvus Lestrange Jr.
370,C,Corvus Lestrange Sr.
371,C,Gregory Cotton
372,C,Count Vlad Drakul
373,C,"second cousin, the accountant"
374,C,Cousin Barny
375,C,Crabbe Sr.
376,C,Crabbe family
377,C,Ellen Cracknell
378,C,Elfrida Cragg
379,C,Craig Bowker Jr.
380,C,Credence Barebone
381,C,Creevey family
382,C,Mr. Creevey
383,C,Mrs. Cresswell
384,C,Dirk Cresswell
385,C,Cresswell family
386,C,Cresswell sons
387,C,Venusia Crickerly
388,C,Delfina Crimp
389,C,Professor Saul Croaker
390,C,Doris Crockford
391,C,Crispin Cronk
392,C,Glinda Crook
393,C,Crookshanks
394,C,Mrs. Crouch
395,C,Barty Crouch Jr.
396,C,Barty Crouch Sr.
397,C,Crouch family
398,C,Maximillian Crowdy
399,C,Barnabas Cuffe
400,C,curly-haired Beauxbatons student
401,C,Cuthbert Mockridge
402,C,Cyclops
403,C,Cygnus Black
404,C,Cygnus Black (1889)
405,C,Cyprian Youdle
406,D,Dagbert Pips
407,D,Hector Dagworth-Granger
408,D,Dangerous Dai Llewellyn
409,D,Daisy Dodderidge
410,D,Daisy Hookum
411,D,Daisy Pennifold
412,D,Damocles Belby
413,D,Damocles Rowle
414,D,Daphne Greengrass
415,D,Darius Smackhammer
416,D,Dark Lord
417,D,Darren Floyd
418,D,Darren O'Hare
419,D,Davey Gudgeon
420,D,Roger Davies
421,D,John Dawlish
422,D,Dean Thomas
423,D,Dean Thomas' wizard father
424,D,Caradoc Dearborn
425,D,Death
426,D,Death Eater with the baby head
427,D,Dedalus Diggle
428,D,Apolline Delacour
429,D,Delacour family
430,D,Fleur Delacour
431,D,Sir Patrick Delaney-Podmore
432,D,Lisette de Lapin
433,D,Delfina Crimp
434,D,Delphi
435,D,Demelza Robins
436,D,Demetrius J. Prod
437,D,Nearly-Headless Nick
438,D,Dempster Wiggleswade
439,D,Dennis
440,D,Dennis Bishop
441,D,Dennis Creevey
442,D,Dennis Moon
443,D,Bertrand de Pensées-Profondes
444,D,Derek
445,D,Derrick
446,D,Dilys Derwent
447,D,Derwent Shimpling
448,D,Barnabas Deverill
449,D,Philbert Deverill
450,D,Devlin Whitehorn
451,D,Dexter Fortescue
452,D,Diadema (Goshawk?)
453,D,Fernando Diaz
454,D,Mrs. Diggory
455,D,Amos Diggory
456,D,Cedric Diggory
457,D,Delphini Diggory
458,D,Eldritch Diggory
459,D,Diggory family
460,D,Dimitrov
461,D,Harold Dingle
462,D,Dirk Cresswell
463,D,Dishwasher at the Leaky Cauldron
464,D,Emma Dobbs
465,D,Dobby
466,D,Dodgy Dirk
467,D,Elphias Doge
468,D,Antonin Dolohov
469,D,Dolores Umbridge
470,D,Dolores Umbridge's brother
471,D,Dominique Weasley
472,D,Donaghan Tremlett
473,D,Dorcas Meadowes
474,D,Dorcus Twelvetrees
475,D,Dorcas Wellbeloved
476,D,Dorea Black Potter
477,D,Doris Crockford
478,D,Doris Purkiss
479,D,Ragmar Dorkins
480,D,J. Dorny
481,D,Dot
482,D,Dougal
483,D,Dougal McBride
484,D,Dougal McGregor
485,D,Distractible Douglas
486,D,Draco Malfoy
487,D,Dimitar Draganov
488,D,Dragomir Despard
489,D,Dragomir Gorgovitch
490,D,Count Vlad Drakul
491,D,Filibuster
492,D,Dr. Ubbly
493,D,Druella Rosier
494,D,Dugald McPhail
495,D,Irma Dugard
496,D,Matilda Dukelow
497,D,Aberforth Dumbledore
498,D,Albus Dumbledore
499,D,Ariana Dumbledore
500,D,Aurelius Dumbledore
501,D,Dumbledore family
502,D,Kendra Dumbledore
503,D,Percival Dumbledore
504,D,dumpy wizard with a large black moustache
505,D,Dunbar Oglethorpe
506,D,B. Dunstan
507,D,Priscilla Dupont
508,D,Dudley Dursley
509,D,Dursley family
510,D,Aunt Marge Dursley
511,D,Petunia Dursley
512,D,Vernon Dursley
513,D,Dylan Marwood
514,D,Dymphna Furmage
515,D,Dzou Yen
516,E,Eargit the Ugly
517,E,Earl of Paunchley
518,E,Lorcan d'Eath
519,E,Heinrich Eberstadt
520,E,Eddie Carmichael
521,E,Edgar Bones
522,E,Edgar Cloggs
523,E,Edgar Stroulger
524,E,Marietta Edgecombe
525,E,Edmund Gaddlegate
526,E,Teddy Lupin
527,E,Ted Tonks
528,E,Egbert the Egregious
529,E,Eglantine Puffett
530,E,Egmont Elvert Hobday
531,E,Eileen Prince Snape
532,E,Ekrizdis
533,E,elderly committee member of the Committee for the Disposal of Dangerous Creatures
534,E,Eldon Elsrickle
535,E,Eldred Worple
536,E,Eldritch Diggory
537,E,Eleanor Branstone
538,E,Elfric the Eager
539,E,Elfrida Clagg
540,E,Elfrida Cragg
541,E,Eliana
542,E,Elias Grimstone
543,E,Elias Story
544,E,Elizabeth McGilliguddy
545,E,Elizabeth Smudgling
546,E,Queen Elizabeth I
547,E,Elveira Elkins
548,E,Elladora Black (1850)
549,E,Elladora Black (aunt of Sirius)
550,E,Elladora Guffy
551,E,Elladora Ketteridge
552,E,Ellen Cracknell
553,E,Ellerby
554,E,Ellie Cattermole
555,E,Elliot Smethwyck
556,E,Elodie Dembélé
557,E,Eloise Midgen/Eloise Midgeon
558,E,Elphias Doge
559,E,Elphinstone Urquart
560,E,Elsie
561,E,Elsie Prod
562,E,Emeric the Evil
563,E,Emeric Switch
564,E,Emily Rappaport
565,E,Emma Dobbs
566,E,Emmeline Vance
567,E,Enid Smeek
568,E,Samuel Equiano
569,E,Erica Stainwright
570,E,Eric Munch
571,E,Eric Whalley
572,E,Ernie Macmillan
573,E,Ernie Prang
574,E,Errol
575,E,Mrs. Esposito
576,E,Ethelbald Mordaunt
577,E,Ethelred the Ever-Ready
578,E,Euan Abercrombie
579,E,Eugenia Jenkins
580,E,Eulalie Hicks
581,E,Eunice Murray
582,E,Euphemia Potter
583,E,Euphemia Rowle
584,E,Eupraxia Mole
585,E,Eurig Cadwallader
586,E,Evangeline Orpington
587,E,Evan Rosier
588,E,Mr. Evans
589,E,Mrs. Evans
590,E,Evans family
591,E,Everard
592,E,Archer Evermonde
593,F,Fabian Prewett
594,F,Fabius Watkins
595,F,Falco Aesalon
596,F,Perpetua Fancourt
597,F,Fang
598,F,"Faris ""Spout-hole"" Spavin"
599,F,Gemma Farley
600,F,The Fat Friar
601,F,The Fat Lady
602,F,Franziska Faust
603,F,Miss S. Fawcett
604,F,Fawcett family
605,F,Fawkes
606,F,Fawley family
607,F,Hector Fawley
608,F,Felix Summerbee
609,F,Fenrir Greyback
610,F,Benjy Fenwick
611,F,Mervyn Fenwick
612,F,Ferdinand Jägendorf
613,F,Fergus
614,F,Fernando Diaz
615,F,Fifi LaFolle
616,F,Mrs. Figg
617,F,Argus Filch
618,F,Filibuster
619,F,Finbar Quigley
620,F,Mr Finch-Fletchley
621,F,Mrs. Finch-Fletchley
622,F,Finch-Fletchley family
623,F,Fingal the Fearless
624,F,Barnabus Finkley
625,F,Finn
626,F,Mr. Finnigan
627,F,Mrs. Finnigan
628,F,Finnigan family
629,F,Seamus Finnigan
630,F,Firenze
631,F,Wilhelm Fischer
632,F,Basil Flack
633,F,O'Flaherty
634,F,Ortiz O'Flaherty
635,F,Nicolas Flamel
636,F,Perenelle Flamel
637,F,Flavius Belby
638,F,Fleamont Potter
639,F,Fleetwood
640,F,Hedley Fleetwood
641,F,Able Fleming
642,F,Mundungus Fletcher
643,F,Laurentia Fletwock
644,F,Fleur Delacour
645,F,Fleur's Veela grandmother
646,F,Flint family
647,F,Josephina Flint
648,F,Marcus Flint
649,F,Filius Flitwick
650,F,Florean Fortescue
651,F,Florence
652,F,Gonçalo Flores
653,F,Darren Floyd
654,F,Fluffy
655,F,Flurry
656,F,Agilbert Fontaine
657,F,Fontaine family
658,F,Theodard Fontaine
659,F,Food Trolley Lady aboard Hogwarts Express
660,F,Dexter Fortescue
661,F,Frank
662,F,Frank Bryce
663,F,Frank Longbottom
664,F,Fred Weasley
665,F,Fred Weasley (II)
666,F,Otmar Frick
667,F,Fridwulfa
668,F,Colonel Fubster
669,F,Mrs Fudge
670,F,Cornelius Fudge
671,F,Fudge family
672,F,Rufus Fudge
673,F,Fulbert the Fearful
674,F,Dymphna Furmage
675,G,Gabrielle Delacour
676,G,Gabriel Truman
677,G,Edmund Gaddlegate
678,G,Brian Gadwilde
679,G,Galatea Merrythought
680,G,Ottaline Gambol
681,G,Gamp family
682,G,Ulick Gamp
683,G,gang of sixth-year girls susceptible to fame and glamour
684,G,gang of Slytherin girls
685,G,Garrick Ollivander
686,G,Garvin Lünger
687,G,Gaspard Shingleton
688,G,Corvinus Gaunt
689,G,Gaunt family
690,G,Marvolo Gaunt
691,G,Merope Gaunt
692,G,Morfin Gaunt
693,G,Gawain Robards
694,G,Gemma Farley
695,G,Ferdinand Jägendorf
696,G,Geoffrey Hooper
697,G,George Weasley
698,G,Georgina Smyth
699,G,Georgios Xenakis
700,G,Georgi Zdravko
701,G,Geraint Ollivander
702,G,Gerbold Octavius Ollivander
703,G,Gerda Curd
704,G,Gertie Keddle
705,G,Gervaise Ollivander
706,G,Ghost of a knight with an arrow sticking out of his forehead
707,G,Ghost of a ragged man wearing chains
708,G,Ghosts of gloomy nuns
709,G,ghouls
710,G,Gibbon
711,G,Gideon Crumb
712,G,Gideon Flatworthy
713,G,Gideon Prewett
714,G,Gifford Ollerton
715,G,Gilbert Wimple
716,G,Gilderoy Lockhart
717,G,Ginny Weasley
718,G,Gladys Boothby
719,G,Glanmore Peakes
720,G,Glenda Chittock
721,G,Glinda Crook
722,G,Glover Hipworth
723,G,Gnarlak
724,G,Godelot
725,G,Anthony Goldstein
726,G,Goldstein family
727,G,Queenie Goldstein
728,G,Golgomath
729,G,Goliath
730,G,Golpalott
731,G,Gonçalo Flores
732,G,Gondoline Oliphant
733,G,Arsenia Gonzales
734,G,Goodwin Kneen
735,G,Gordon
736,G,Hesphaestus Gore
737,G,Dragomir Gorgovitch
738,G,Gormlaith Gaunt
739,G,Gornuk
740,G,Goshawk family
741,G,Diadema (Goshawk?)
742,G,Miranda Goshawk (1921-)
743,G,Romilda (Goshawk?)
744,G,Tangwystl (Goshawk?)
745,G,Goyle Sr.
746,G,Goyle family
747,G,Graham Pritchard
748,G,Mr. Granger
749,G,Mrs. Granger
750,G,Granger family
751,G,Hermione Granger
752,G,Hugo Granger-Weasley
753,G,Rose Granger-Weasley
754,G,Granville Jorkins
755,G,Graves family
756,G,Gondulphus Graves
757,G,Merton Graves
758,G,Percival Graves
759,G,Grawp
760,G,Great Auntie Enid
761,G,The Great Humberto
762,G,Great Uncle Algie
763,G,Greek chappie
764,G,Astoria Greengrass
765,G,Daphne Greengrass
766,G,Greengrass family
767,G,Gregorovitch
768,G,Gregory Cotton
769,G,Gregory Goyle
770,G,Gregory the Smarmy
771,G,Greta Catchlove
772,G,Fenrir Greyback
773,G,The Grey Lady
774,G,Glynnis Griffiths
775,G,Wilda Griffiths
776,G,Grimmson
777,G,Robert Grimsditch
778,G,Elias Grimstone
779,G,Grimwold Jorkins
780,G,Gellert Grindelwald
781,G,Gringott
782,G,Griphook
783,G,Griselda Harmonia Jorkins
784,G,Griselda Marchbanks
785,G,Grizel Hurtz
786,G,Grogan Stump
787,G,group of witches from the Salem Witches' Institute
788,G,Stoyanka Grozda
789,G,Wilhelmina Grubbly-Plank
790,G,grubby-looking wizard
791,G,Grugwyn Rufford
792,G,Alberic Grunnion
793,G,Godric Gryffindor
794,G,Malodora Grymm
795,G,Davey Gudgeon
796,G,Galvin Gudgeon
797,G,Gladys Gudgeon
798,G,Elladora Guffy
799,G,Zamira Gulch
800,G,Gulliver Pokeby
801,G,Alastor Gumboil
802,G,Gunhilda of Gorsemoor
803,G,Gunhilda Kneen
804,G,Gurg
805,G,Guthrie Lochrin
806,G,Arnold Guzman
807,G,Gwendolyn Morgan
808,G,Gwenog
809,G,Gwenog Jones
810,H,Hagrid family
811,H,Hagrid's father
812,H,Hambledon Quince
813,H,Hamish MacFarlan
814,H,Hankerton Humble
815,H,Hannah Abbott
816,H,Hannah Cockleford
817,H,Hans the Augurey
818,H,"Hardwin, son of Linfred of Stinchcombe"
819,H,Darren O'Hare
820,H,Harfang Longbottom
821,H,Harfang Munter
822,H,Ciceron Harkiss
823,H,Harold Dingle
824,H,Harold Minchum
825,H,Harold Skively
826,H,Harper
827,H,Harry Potter
828,H,Harvey Ridgebit
829,H,Hassan Mostafa
830,H,Havelock Sweeting
831,H,head of the Bulgarian Department of Magical Games and Sports
832,H,Nearly-Headless Nick
833,H,Heathcote Barbary
834,H,Hector Bolobolo
835,H,Hector Dagworth-Granger
836,H,Hector Fawley
837,H,Hector Lamont
838,H,Hedley Fleetwood
839,H,Hedwig
840,H,Cornelius Agrippa
841,H,Heinrich Eberstadt
842,H,Helena Ravenclaw
843,H,The Grey Lady
844,H,Heliotrope Willis
845,H,Helmut Weiss
846,H,Hengist of Upper Barnton
847,H,Hengist of Woodcroft
848,H,King Henry VI
849,H,Henry
850,H,"Henry ""Harry"" Potter"
851,H,Henry Shaw
852,H,Henry Shaw Jr.
853,H,Hepzibah Smith
854,H,Herbert Beery
855,H,Herbert Burke
856,H,Herbert Chorley
857,H,Helbert Spleen
858,H,Hereward
859,H,Herman Junker
860,H,Herman Wintringham
861,H,Hermes
862,H,Hermione Granger
863,H,Herpo the Foul
864,H,Hesper Gamp
865,H,Hesper Starkey
866,H,Hesphaestus Gore
867,H,Hestia Jones
868,H,Hetty Bayliss
869,H,Eulalie Hicks
870,H,Shanice Higgins
871,H,Bertie Higgs
872,H,Hippocrates Smethwyck
873,H,Bob Hitchens
874,H,Hobday family
875,H,Egmont Elvert Hobday
876,H,Hilliard Hobday
877,H,Violetta Hobday
878,H,Hodrod the Horny-Handed
879,H,Hogwarts governors
880,H,Hogwarts house-elves
881,H,Hokey
882,H,Honest Willy Wagstaff
883,H,Masaki Hongo
884,H,Honoria
885,H,Honoria's fiance
886,H,Honoria Nutcombe
887,H,Madam Hooch
888,H,Daisy Hookum
889,H,Geoffrey Hooper
890,H,Mafalda Hopkirk
891,H,Hoppy
892,H,Kevin Hopwood
893,H,Horace Slughorn
894,H,Olive Hornby
895,H,Hortensia Milliphutt
896,H,Basil Horton
897,H,Hope Howell Lupin
898,H,Howland Coopey
899,H,Helga Hufflepuff
900,H,Hugo Granger-Weasley
901,H,Humphrey Belcher
902,H,Grizel Hurtz
903,H,Clairvius Hyppolite
904,H,Helixa Hyslop
905,I,Royston Idlewind
906,I,Idris Oakby
907,I,Iefan Rice
908,I,Ignatia Wildsmith
909,I,Ignatius Prewett
910,I,Ignatius Tuft
911,I,Ignotus Peverell
912,I,Igor Karkaroff
913,I,Illyius
914,I,Ingolfr the Iambic
915,I,Inigo Imago
916,I,Injured girl comforted by Ginny
917,I,Iola Black
918,I,Iolanthe Peverell
919,I,Irene Kneedander
920,I,Irish Leprechauns
921,I,Irma Crabbe
922,I,Irma Dugard
923,I,Irma Pince
924,I,Irving Warble
925,I,Isadora Rose
926,I,Isobel McGonagall
927,I,Isobel Ross
928,I,Isolt Sayre
929,I,Ivanova
930,I,Ivan Popa
931,I,Ivor Dillonsby
932,J,Jack Sloper
933,J,Josiah Jackson
934,J,Jacob Kowalski
935,J,Jacques Miskine
936,J,James Potter
937,J,James Sirius Potter
938,J,James Steward
939,J,Janus Thickey
940,J,Jarleth Hobart
941,J,Mary Jauncey
942,J,Jazz singer
943,J,Bonawentura Wójcik
944,J,Jean-Baptiste Bloncourt
945,J,Karl Jenkins
946,J,Jackie Jernigan
947,J,Leonard Jewkes
948,J,Arsenius Jigger
949,J,Jim McGuffin
950,J,Jimmy Peakes
951,J,João Coelho
952,J,Jocunda Sykes
953,J,Joey Jenkins
954,J,Johannes Jonker
955,J,John Dawlish
956,J,Angelina Johnson
957,J,Sylvian Jolicoeur
958,J,Gwenog Jones
959,J,Hestia Jones
960,J,Mr. Jordan
961,J,Jordan family
962,J,Lee Jordan
963,J,Jorkins family
964,J,Albert Jorkins
965,J,Bertha Jorkins
966,J,Granville Jorkins
967,J,Grimwold Jorkins
968,J,Griselda Harmonia Jorkins
969,J,Primrose Jorkins
970,J,Stamford Jorkins
971,J,José Barboza
972,J,Joscelind Wadcock
973,J,Josefina Calderon
974,J,Josef Wronski
975,J,Josephina Flint
976,J,Joseph Snuka
977,J,Joshua Sankara
978,J,Josiah Plunkett
979,J,Jugson
980,J,Herman Junker
981,J,Justin Finch-Fletchley
982,J,Justus Pilliwickle
983,K,Laurena Kama
984,K,Igor Karkaroff
985,K,Karkus
986,K,Karl Jenkins
987,K,Karl and Kevin Broadmoor
988,K,Karl Wang
989,K,Katie Bell
990,K,Roland Kegg
991,K,Kendra Dumbledore
992,K,Kenneth Towler
993,K,Kennilworthy Whisp
994,K,Silvanus Kettleburn
995,K,Kevin
996,K,Kevin Entwhistle
997,K,Kevin Hopwood
998,K,Kevin's parents
999,K,Kevin Whitby
1000,K,Aidan Kiely
1001,K,King Arthur
1002,K,King George III
1003,K,King Henry VI
1004,K,Kingsley Shacklebolt
1005,K,King William I
1006,K,Andrew Kirke
1007,K,Kirley Duke
1008,K,Porteus Knatchbull
1009,K,Irene Kneedander
1010,K,Jacob Kowalski
1011,K,Quentin Kowalski
1012,K,Kquewanda Bailey
1013,K,Krafft
1014,K,Krall
1015,K,Kreacher
1016,K,Sigrid Kristoffersen
1017,K,Mrs. Krum
1018,K,Mr. Krum
1019,K,Viktor Krum
1020,K,Kimiko Kurosawa
1021,L,Lachlan the Lanky
1022,L,Ladislaw Zamojski
1023,L,Lady Carmilla Sanguina
1024,L,Lady Grieve
1025,L,Fifi LaFolle
1026,L,Stubby Lamont
1027,L,Lamont family
1028,L,Hector Lamont
1029,L,Lancelot
1030,L,Landislaw Zamojski
1031,L,landlady of the Green Dragon
1032,L,landlord of The Hanged Man
1033,L,Langdon Shaw
1034,L,Laura Madley
1035,L,Laurena Kama
1036,L,Laurentia Fletwock
1037,L,Lavender Brown
1038,L,Laverne de Montmorency
1039,L,Artemius Lawson
1040,L,Nobby Leach
1041,L,Leanne
1042,L,Lee Jordan
1043,L,left with black-and-white hair for a while
1044,L,Lenelle Paraison
1045,L,Lennox Campbell
1046,L,Leonard Jewkes
1047,L,Leonard Spencer-Moon
1048,L,Leopoldina Smethwyk
1049,L,Corvus Lestrange Jr.
1050,L,Corvus Lestrange Sr.
1051,L,Lestrange family
1052,L,Leta Lestrange
1053,L,Radolphus Lestrange
1054,L,Leticia Somnolens
1055,L,Levina Monkstanley
1056,L,Levski
1057,L,Bogomil Levski
1058,L,Levski family
1059,L,Libatius Borage
1060,L,Lilith Molesby
1061,L,Lily Moon
1062,L,Lily Luna Potter
1063,L,Lily Potter
1064,L,Linfred of Stinchcombe
1065,L,Lisa Turpin
1066,L,Lisette de Lapin
1067,L,Sue Li
1068,L,Livius
1069,L,Dangerous Dai Llewellyn
1070,L,Gilderoy Lockhart
1071,L,"Augusta ""Gran"" Longbottom"
1072,L,Longbottom family
1073,L,Neville Longbottom
1074,L,Carlos Lopez
1075,L,Lorcan d'Eath
1076,L,Lorcan McLaird
1077,L,Lorcan Scamander
1078,L,Lord North
1079,L,Lord Palmerston
1080,L,Lord Stoddard Withers
1081,L,Lord Voldemort
1082,L,Louis Weasley
1083,L,Lovegood family
1084,L,Luna Lovegood
1085,L,Loxias
1086,L,Lucas Bargeworthy
1087,L,Lucas Picquery
1088,L,Luciano Volpi
1089,L,Lucius Malfoy (I)
1090,L,Lucius Malfoy
1091,L,Luc Millefeuille
1092,L,Lucretia Black
1093,L,Lucy Weasley
1094,L,Ludo Bagman
1095,L,Artemisia Lufkin
1096,L,Lars Lundekvam
1097,L,Teddy Lupin
1098,L,Lupin family
1099,L,Remus Lupin
1100,L,Lyall Lupin
1101,L,Lycoris Black
1102,L,Aidan Lynch
1103,L,Lysander Scamander
1104,L,Lysandra Yaxley
1105,M,MacBoon family
1106,M,Morag Macdougal
1107,M,Macduff
1108,M,Mungo MacDuff
1109,M,Hamish MacFarlan
1110,M,MacFusty clan
1111,M,Ernie Macmillan
1112,M,Macmillan family
1113,M,Walden Macnair
1114,M,Torquil MacTavish
1115,M,Madame Bonhabille
1116,M,Madam Edgecombe
1117,M,Madam Eloise Mintumble
1118,M,Griselda Marchbanks
1119,M,Madam Hooch
1120,M,Madam Marsh
1121,M,Madam Z. Nettles
1122,M,Irma Pince
1123,M,Madam Primpernelle
1124,M,Madam Puddifoot
1125,M,Madam Rosmerta
1126,M,Madam Ya Zhou
1127,M,Alasdair Maddock
1128,M,Queen Maeve
1129,M,Mafalda
1130,M,Mafalda Hopkirk
1131,M,Magenta Comstock
1132,M,"Magnus ""Dent Head"" Macdonald"
1133,M,Magorian
1134,M,maid at the Riddle House
1135,M,Maisie Cattermole
1136,M,Malcolm
1137,M,Malcolm Baddock
1138,M,Malcolm McGonagall
1139,M,Malécrit
1140,M,male student who accidentally Transfigured his friend into a badger
1141,M,Abraxas Malfoy
1142,M,Armand Malfoy
1143,M,Brutus Malfoy
1144,M,Draco Malfoy
1145,M,Malfoy family
1146,M,Lucius Malfoy (I)
1147,M,Lucius Malfoy
1148,M,Narcissa Malfoy
1149,M,Nicholas Malfoy
1150,M,Scorpius Malfoy
1151,M,Septimus Malfoy
1152,M,Madam Malkin
1153,M,Mallory Twiddle
1154,M,Malodora Grymm
1155,M,Roger Malone
1156,M,manager of Flourish and Blotts
1157,M,Mandy Brocklehurst
1158,M,Marcus Belby
1159,M,Marcus Flint
1160,M,Marietta Edgecombe
1161,M,Marius
1162,M,Marius Black
1163,M,Aunt Marge Dursley
1164,M,Mark Evans
1165,M,Marlene McKinnon
1166,M,Marlow
1167,M,"Martha, mother of James Steward"
1168,M,Martha Sayre Steward's husband
1169,M,Martha Steward
1170,M,Martin Miggs
1171,M,Marvolo Gaunt
1172,M,Mary Dorkins
1173,M,Mary Elizabeth Cattermole
1174,M,Mary Jauncey
1175,M,Mary Lou Barebone
1176,M,Mary MacDonald
1177,M,Masaki Hongo
1178,M,Mr. and Mrs. Mason
1179,M,Matilda Dukelow
1180,M,Mauler
1181,M,Olympe Maxime
1182,M,Maximillian Crowdy
1183,M,Maximus Brankovitch III
1184,M,Dougal McBride
1185,M,McClaggan
1186,M,McClivert Clan
1187,M,Catriona McCormack
1188,M,Meaghan McCormack
1189,M,Natalie McDonald
1190,M,Elizabeth McGilliguddy
1191,M,McGonagall family
1192,M,Minerva McGonagall
1193,M,"Robert McGonagall, The Reverend"
1194,M,Jim McGuffin
1195,M,Cormac McLaggen
1196,M,Lorcan McLaird
1197,M,Cormack McLeod
1198,M,Dugald McPhail
1199,M,Quintia McQuoid
1200,M,Tarquin McTavish
1201,M,Dorcas Meadowes
1202,M,Megan Jones
1203,M,Melania Macmillan
1204,M,Araminta Meliflua
1205,M,Melinda Bobbin
1206,M,Melusine
1207,M,members of the Accidental Magic Reversal Squad
1208,M,Mercy Ojukwu
1209,M,Mercy Wardwell
1210,M,Merlin
1211,M,Merope Gaunt
1212,M,Galatea Merrythought
1213,M,Merton Graves
1214,M,Mervyn Fenwick
1215,M,Merwyn the Malicious
1216,M,Mentor Metaxas
1217,M,Michael Corner
1218,M,Eloise Midgen/Eloise Midgeon
1219,M,Miles Bletchley
1220,M,Luc Millefeuille
1221,M,Millicent Bagnold
1222,M,Millicent Bulstrode
1223,M,Hortensia Milliphutt
1224,M,Milly
1225,M,Minette Lestrange
1226,M,Ministry wizard dealing with Archie
1227,M,Ministry wizard dealing with toy broomstick incident
1228,M,Ministry wizard in plus-fours
1229,M,Ministry wizards who carry the World Cup up to the Top Box
1230,M,Ministry wizards who separate the Veela from the Leprechauns
1231,M,Ministry wizard in tweed suit and galoshes with large gold watch
1232,M,Mirabella Plunkett
1233,M,Miranda Goshawk (1921-)
1234,M,Miranda Goshawk (fl. 1800)
1235,M,Miriam Strout
1236,M,Jacques Miskine
1237,M,Mnemone Radford
1238,M,Cuthbert Mockridge
1239,M,Modesty Barebone
1240,M,Modesty Rabnott
1241,M,Arnulf Moe
1242,M,Eupraxia Mole
1243,M,Lilith Molesby
1244,M,Molly Weasley (II)
1245,M,Molly Weasley
1246,M,Momolou Wotorson
1247,M,Monica Wilkins
1248,M,Monsieur Delacour
1249,M,Mr. and Mrs. Montague
1250,M,Montague
1251,M,Montague Knightly
1252,M,Montgomery sisters
1253,M,Mad-Eye Moody
1254,M,Dennis Moon
1255,M,Regulus Moonshine
1256,M,Mopsus (Divination professor)
1257,M,Mopsus (Greek soothsayer)
1258,M,Mopsy Fleabert
1259,M,Moran
1260,M,Ethelbald Mordaunt
1261,M,Morfin Gaunt
1262,M,Morgan
1263,M,Gwendolyn Morgan
1264,M,Morgana / Morgan le Fay
1265,M,Valmai Morgan
1266,M,Morholt
1267,M,Morrigan
1268,M,Mortlake
1269,M,Mosag
1270,M,Hassan Mostafa
1271,M,Old Mother Hubbard
1272,M,three Muggle boys who attack Ariana
1273,M,Muggle postal carrier on the Ottery St Catchpole route
1274,M,Muggle postal carrier on the Privet Drive route
1275,M,Muggle Prime Minister
1276,M,three Muggle taxi drivers
1277,M,Muggle tramp
1278,M,Mulciber
1279,M,Burdock Muldoon
1280,M,Mullet
1281,M,Zacharias Mumps
1282,M,Eric Munch
1283,M,Mundungus Fletcher
1284,M,Mungo Bonham
1285,M,Harfang Munter
1286,M,Murcus
1287,M,Auntie Muriel
1288,M,Eunice Murray
1289,M,Musidora Barkwith
1290,M,Mustafa Kama
1291,M,Mylor Sylvanus
1292,M,Myron Otherhaus
1293,M,Myron Wagtail
1294,M,Myrtle Warren
1295,M,Moaning Myrtle
1296,N,Nagel
1297,N,Nagini
1298,N,Nagnok
1299,N,Narcissa Malfoy
1300,N,Narinder Singh
1301,N,Natalie McDonald
1302,N,Niko Nenad
1303,N,Nerida Vulchanova
1304,N,Neville's Grandad
1305,N,Neville Longbottom
1306,N,Newt Scamander
1307,N,Newt Scamander's mother
1308,N,Ngapo Ponika
1309,N,Nearly-Headless Nick
1310,N,Nicholas Malfoy
1311,N,Nicolas Flamel
1312,N,Phineas Nigellus Black
1313,N,Nikola Vassileva
1314,N,Nobby Leach
1315,N,Norbert/Norberta
1316,N,Noriko Sato
1317,N,Mrs. Norris
1318,N,Norvel Twonk
1319,N,Nott
1320,N,Cantankerus Nott
1321,N,Nott family
1322,N,Theodore Nott
1323,N,Günther the Violent
1324,N,Nugent Potts
1325,N,Nymphadora Tonks
1326,O,Idris Oakby
1327,O,Oakden Hobday
1328,O,Otto Obermeier
1329,O,Mr. Oblansk (or Obalonsk)
1330,O,Octavius Pepper
1331,O,Winkus Oddpick
1332,O,Oddvar Spillum
1333,O,Odo the Hero
1334,O,Ogden
1335,O,Bob Ogden
1336,O,Tiberius Ogden
1337,O,Ogg
1338,O,Dunbar Oglethorpe
1339,O,Mercy Ojukwu
1340,O,Aliko Okoye
1341,O,Olaf
1342,O,Olive Hornby
1343,O,Olive Hornby's brother
1344,O,Oliver Rivers
1345,O,Oliver Wood
1346,O,Oliver Wood's parents
1347,O,Ollivander family
1348,O,Garrick Ollivander
1349,O,Geraint Ollivander
1350,O,Gerbold Octavius Ollivander
1351,O,Gervaise Ollivander
1352,O,Olympe Maxime
1353,O,through the Omnioculars
1354,O,Oona
1355,O,Orabella Nuttley
1356,O,Orford Umbridge
1357,O,Orion Black
1358,O,Orla Quirke
1359,O,Orsino Thruston
1360,O,Ortiz O'Flaherty
1361,O,Unctuous Osbert
1362,O,Oswald Beamish
1363,O,Myron Otherhaus
1364,O,Otmar Frick
1365,O,Ottaline Gambol
1366,O,Otto Bagman
1367,O,Owen Cauldwell
1368,P,Pandora Lovegood
1369,P,Panju Weasley
1370,P,Paracelsus
1371,P,Lenelle Paraison
1372,P,parents of the two young witches on toy broomsticks
1373,P,Parkin family
1374,P,Parkinson family
1375,P,Pansy Parkinson
1376,P,Perseus Parkinson
1377,P,Walter Parkin
1378,P,Mr. and Mrs. Patil
1379,P,Padma Patil
1380,P,Parvati Patil
1381,P,Patricia Stimpson
1382,P,Patrick
1383,P,Sir Patrick Delaney-Podmore
1384,P,patrons at the Hanged Man
1385,P,Randolph Pauncefoot
1386,P,Mr. Paws
1387,P,Mr. Payne
1388,P,Jimmy Peakes
1389,P,Abraham Peasegood
1390,P,Arnie Peasegood
1391,P,Angelus Peel
1392,P,Peeves
1393,P,Penelope Clearwater
1394,P,Daisy Pennifold
1395,P,Miss Pennyfeather
1396,P,Phoebus Penrose
1397,P,Percival Dumbledore
1398,P,Percival Graves
1399,P,Percy Weasley
1400,P,Perenelle Flamel
1401,P,Perkins
1402,P,Perkins (Binns' mistaken name for Harry)
1403,P,Sally-Anne Perks
1404,P,Perpetua Fancourt
1405,P,Petrova Porskoff
1406,P,Peter Pettigrew's mother
1407,P,Peter Pettigrew
1408,P,Petunia Dursley
1409,P,Antioch Peverell
1410,P,Peverell family
1411,P,Iolanthe Peverell
1412,P,Thorsten Pfeffer
1413,P,Philbert Deverill
1414,P,Phineas Black
1415,P,Phineas Fletcher
1416,P,Phineas Nigellus Black
1417,P,photographer for the Daily Prophet
1418,P,Phyllida Spore
1419,P,Pickett
1420,P,Lucas Picquery
1421,P,Pierre Bonaccord
1422,P,Piers Polkiss
1423,P,Pigwidgeon
1424,P,Justus Pilliwickle
1425,P,Bernie Pillsworth
1426,P,Irma Pince
1427,P,Carlotta Pinkstone
1428,P,Pinky
1429,P,Dagbert Pips
1430,P,Pius Thicknesse
1431,P,platform guard
1432,P,Yardley Platt
1433,P,Josiah Plunkett
1434,P,Mirabella Plunkett
1435,P,Samuel Plunkett
1436,P,Gulliver Pokeby
1437,P,Royden Poke
1438,P,Poliakoff
1439,P,Mrs. Polkiss
1440,P,Pollux Black
1441,P,Polly Chapman
1442,P,Pomona Sprout
1443,P,Ngapo Ponika
1444,P,Ivan Popa
1445,P,Poppy
1446,P,Poppy Pomfrey
1447,P,Quong Po
1448,P,Tina Goldstein
1449,P,Porteus Knatchbull
1450,P,Portkey Tout
1451,P,Portly ghost who was almost eating
1452,P,"Martha, mother of James Steward"
1453,P,Abraham Potter
1454,P,Albus Potter
1455,P,Charlus Potter
1456,P,Potter family
1457,P,Fleamont Potter
1458,P,Harry Potter
1459,P,"Henry ""Harry"" Potter"
1460,P,James Potter
1461,P,James Sirius Potter
1462,P,Lily Luna Potter
1463,P,Lily Potter
1464,P,Mrs. Potter nee Fleamont
1465,P,Nugent Potts
1466,P,Ernie Prang
1467,P,Prendergast
1468,P,Mr. Prentice
1469,P,Fabian Prewett
1470,P,Prewett family
1471,P,Gideon Prewett
1472,P,Madam Primpernelle
1473,P,Primrose Jorkins
1474,P,Pringle
1475,P,Priscilla Dupont
1476,P,Graham Pritchard
1477,P,D.J. Prod
1478,P,Mrs. Prod
1479,P,Prod family
1480,P,Demetrius J. Prod
1481,P,Elsie Prod
1482,P,Professor Binns
1483,P,Helbert Spleen
1484,P,Professor Mordicus Egg
1485,P,Quirinus Quirrell
1486,P,Professor Saul Croaker
1487,P,Professor Sinistra
1488,P,Professor Tofty
1489,P,Professor Vector
1490,P,Wilhelmina Grubbly-Plank
1491,P,Proudfoot
1492,P,Prudence
1493,P,Ptolemy
1494,P,Adrian Pucey
1495,P,Doris Purkiss
1496,P,Augustus Pye
1497,Q,Quintia Qarase
1498,Q,Samuel G. Quahog
1499,Q,Queen Elizabeth I
1500,Q,Queenie Goldstein
1501,Q,Queenie Greengrass
1502,Q,Queen Maeve
1503,Q,Queen Victoria
1504,Q,Quentin Kowalski
1505,Q,Quentin Trimble
1506,Q,The Quibbler's Ministry insider source
1507,Q,Quigley
1508,Q,Finbar Quigley
1509,Q,Hambledon Quince
1510,Q,Quintia McQuoid
1511,Q,Quintius Umfraville
1512,Q,Quintus Harcourt
1513,Q,Ballyfumble Stranger
1514,Q,Orla Quirke
1515,Q,Quirinus Quirrell
1516,Q,Quong Po
1517,R,Rabastan Lestrange
1518,R,Modesty Rabnott
1519,R,Urquhart Rackharrow
1520,R,Raczidian
1521,R,Mnemone Radford
1522,R,Radolphus Lestrange
1523,R,Radolphus Pittiman
1524,R,Radulf
1525,R,Rafael Santos
1526,R,Ragmar Dorkins
1527,R,Ragnok the Pigeon-Toed
1528,R,Ragnuk the First
1529,R,Ralston Potter
1530,R,Rancorous Carpe
1531,R,Randolph Keitch
1532,R,Randolph Pauncefoot
1533,R,Randolph Spudmore
1534,R,Rapier
1535,R,Emily Rappaport
1536,R,Xavier Rastrick
1537,R,Raul Almeida
1538,R,The Grey Lady
1539,R,Helena Ravenclaw
1540,R,Rowena Ravenclaw
1541,R,Rawya Zaghloul
1542,R,Receptionist
1543,R,Red
1544,R,Reginald Cattermole
1545,R,Regulus Black
1546,R,Regulus Black (1906)
1547,R,Regulus Moonshine
1548,R,Remus Lupin
1549,R,Iefan Rice
1550,R,Mr. and Mrs. Riddle
1551,R,Delphi
1552,R,Riddle family
1553,R,Tom Marvolo Riddle
1554,R,Rionach Sayre
1555,R,Rionach Steward
1556,R,Ripper
1557,R,Rita Skeeter
1558,R,Ritchie Coote
1559,R,River
1560,R,Oliver Rivers
1561,R,Robert Grimsditch
1562,R,Robert Hilliard
1563,R,"Robert McGonagall, The Reverend"
1564,R,"Robert McGonagall, Jr."
1565,R,Mr. Roberts
1566,R,Mrs. Roberts
1567,R,two Roberts children
1568,R,Demelza Robins
1569,R,Berthilde Roche
1570,R,Roddy Pontner
1571,R,Rodent
1572,R,Roderick Plumpton
1573,R,Rodolphus Lestrange
1574,R,Roger Davies
1575,R,Roger Davies' Girlfriend
1576,R,Roger Malone
1577,R,Roland Kegg
1578,R,Rolf Scamander
1579,R,Romilda (Goshawk?)
1580,R,Romilda Vane
1581,R,Romilda Vane's grandmother
1582,R,Romulus
1583,R,Ron Weasley
1584,R,Ronan
1585,R,Augustus Rookwood
1586,R,Roonil Wazlib
1587,R,Rosalind Antigone Bungs
1588,R,Rose Granger-Weasley
1589,R,Rose Zeller
1590,R,Evan Rosier
1591,R,Rosier family
1592,R,Madam Rosmerta
1593,R,Rowle
1594,R,Damocles Rowle
1595,R,Euphemia Rowle
1596,R,Rowle family
1597,R,Thorfinn Rowle
1598,R,J. K. Rowling
1599,R,Roxanne Weasley
1600,R,Royal
1601,R,Royden Poke
1602,R,Royston Idlewind
1603,R,Rubeus Hagrid
1604,R,Ruby
1605,R,Rudolf Brand
1606,R,Rudolph Spielman
1607,R,Grugwyn Rufford
1608,R,Rufus Fudge
1609,R,Rufus Scrimgeour
1610,R,Runcorn
1611,R,Albert Runcorn
1612,R,Rupert 'Axebanger' Brookstanton
1613,R,Rutherford Poke
1614,R,Barry Ryan
1615,R,Ryuichi Yamaguchi
1616,S,Sacharissa Tugwood
1617,S,Sally-Anne Perks
1618,S,Sally Smith
1619,S,Sam
1620,S,Samson Wiblin
1621,S,Samuel Equiano
1622,S,Samuel Plunkett
1623,S,Samuel G. Quahog
1624,S,Sanguini
1625,S,Joshua Sankara
1626,S,Rafael Santos
1627,S,Selina Sapworthy
1628,S,Noriko Sato
1629,S,Professor Saul Croaker
1630,S,Savage
1631,S,Almerick Sawbridge
1632,S,Queen Victoria
1633,S,Sayre Family
1634,S,Scabbers
1635,S,Scabior
1636,S,Scamander family
1637,S,Tina Goldstein
1638,S,Newt Scamander
1639,S,Rolf Scamander
1640,S,Theseus Scamander
1641,S,Scarpin
1642,S,Scorpius Malfoy
1643,S,Screaming Bogey of Strathtully
1644,S,Brutus Scrimgeour
1645,S,Rufus Scrimgeour
1646,S,Scrivenshaft
1647,S,Seamus Finnigan
1648,S,Selwyn
1649,S,Selwyn family
1650,S,Septimus Malfoy
1651,S,Septimus Weasley
1652,S,Seraphina Picquery
1653,S,Sgt. Fisher
1654,S,Shacklebolt family
1655,S,Kingsley Shacklebolt
1656,S,Shafiq family
1657,S,Shanice Higgins
1658,S,Henry Shaw
1659,S,Henry Shaw Jr.
1660,S,Langdon Shaw
1661,S,Shikoba Wolfe
1662,S,Derwent Shimpling
1663,S,Gaspard Shingleton
1664,S,Shintaro Shingo
1665,S,Sidney Todd
1666,S,Sigrid Kristoffersen
1667,S,Silvanus Kettleburn
1668,S,Tony Silva
1669,S,Silvio Astolfi
1670,S,Narinder Singh
1671,S,Professor Sinistra
1672,S,Sir Cadogan
1673,S,Sir Herbert Varney
1674,S,Sirius Black
1675,S,Sirius Black (1845)
1676,S,Sirius Black (1877)
1677,S,Sirius' Grandfather (Order of Merlin)
1678,S,Sir Luckless
1679,S,Sir Patrick Delaney-Podmore
1680,S,several sixth-year girls who form an unofficial Krum fan club
1681,S,Rita Skeeter
1682,S,Skender
1683,S,Harold Skively
1684,S,Mrs. Skowers
1685,S,Wilbert Slinkhard
1686,S,Jack Sloper
1687,S,Slughorn family
1688,S,Horace Slughorn
1689,S,Salazar Slytherin
1690,S,The Slytherin Squib
1691,S,Slytherin fifth-year
1692,S,Darius Smackhammer
1693,S,Enid Smeek
1694,S,Smeltings school nurse
1695,S,Hippocrates Smethwyck
1696,S,Leopoldina Smethwyk
1697,S,Zacharias Smith's father
1698,S,Hepzibah Smith
1699,S,Zacharias Smith
1700,S,Elizabeth Smudgling
1701,S,Georgina Smyth
1702,S,Eileen Prince Snape
1703,S,Snape family
1704,S,Severus Snape
1705,S,Tobias Snape
1706,S,Snatchers
1707,S,Barnaby Snell
1708,S,Snickerton
1709,S,Snowy
1710,S,Joseph Snuka
1711,S,Leticia Somnolens
1712,S,Son of Dorea and Charlus Potter
1713,S,Sophie Roper
1714,S,Sorting Hat
1715,S,Catullus Spangle
1716,S,Sparky
1717,S,"Faris ""Spout-hole"" Spavin"
1718,S,Leonard Spencer-Moon
1719,S,Rudolph Spielman
1720,S,Oddvar Spillum
1721,S,Alicia Spinnet
1722,S,Helbert Spleen
1723,S,Phyllida Spore
1724,S,Pomona Sprout
1725,S,Able Spudmore
1726,S,Spudmore family
1727,S,Randolph Spudmore
1728,S,Erica Stainwright
1729,S,Blenheim Stalk
1730,S,Stamford Jorkins
1731,S,Stan Shunpike
1732,S,Stebbins
1733,S,Stebbins (Auror)
1734,S,Stephen Cornfoot
1735,S,James Steward
1736,S,Stewart Ackerley
1737,S,St. Mungo
1738,S,Stoyanka Grozda
1739,S,Ballyfumble Stranger
1740,S,Miriam Strout
1741,S,Billy Stubbs
1742,S,Stubby Boardman
1743,S,Stubby Lamont
1744,S,student who was accidentally Transfigured into a badger
1745,S,students
1746,S,Grogan Stump
1747,S,Sturgis Podmore
1748,S,Sudanese Obscurial
1749,S,Sue Li
1750,S,Su Li
1751,S,Felix Summerbee
1752,S,Summerby
1753,S,Mr. Summers
1754,S,Summers
1755,S,Susan Blancheflower
1756,S,Susan Bones
1757,S,Havelock Sweeting
1758,S,Emeric Switch
1759,S,Sybill Trelawney
1760,S,Jocunda Sykes
1761,S,Sylvian Boigny
1762,S,Sylvian Jolicoeur
1763,S,Symposia Rawle
1764,S,Syna Hyslop
1765,T,Tangwystl (Goshawk?)
1766,T,Tarquin McTavish
1767,T,Tatting
1768,T,Ted
1769,T,Teddy Lupin
1770,T,Tenebrus
1771,T,Terence Higgs
1772,T,Terry Boot
1773,T,Tertius
1774,T,Theodard Fontaine
1775,T,Theodore Nott
1776,T,Theophilus Abbott
1777,T,Theseus Scamander
1778,T,Thiago Quintana
1779,T,Janus Thickey
1780,T,Pius Thicknesse
1781,T,Mr. and Mrs. Thomas
1782,T,Dean Thomas
1783,T,Thorfinn Rowle
1784,T,Thornton Harkaway
1785,T,Thorsten Pfeffer
1786,T,one hundred thousand spectators at the World Cup
1787,T,Orsino Thruston
1788,T,Thaddeus Thurkell
1789,T,Mr. Tibbles
1790,T,Tiberius
1791,T,Tiberius Ogden
1792,T,Albert Tillyman
1793,T,Violet Tillyman
1794,T,Tilly Toke
1795,T,Timothy Blenkinsop
1796,T,Tina Goldstein
1797,T,tiny old wizard in violet cloak
1798,T,title
1799,T,Titus
1800,T,Tobias Snape
1801,T,Sidney Todd
1802,T,Todoroki
1803,T,Achilles Tolliver
1804,T,Tom
1805,T,Tom (Bowtruckle)
1806,T,Tom Marvolo Riddle
1807,T,Tom Riddle Sr.
1808,T,Andromeda Tonks
1809,T,Ted Tonks
1810,T,Tonks family
1811,T,Tony Silva
1812,T,Alberta Toothill
1813,T,Tilden Toots
1814,T,Torquil MacTavish
1815,T,Kenneth Towler
1816,T,Tracey Davis
1817,T,Travers
1818,T,Travers family
1819,T,Torquil Travers
1820,T,Cassandra Trelawney
1821,T,Sybill Trelawney
1822,T,Trevor
1823,T,Trocar
1824,T,Troy
1825,T,Queen Elizabeth I
1826,T,Tuft Family
1827,T,Tufty
1828,T,Tufty-haired man who gives Dumbledore's eulogy
1829,T,Sacharissa Tugwood
1830,T,Adrian Tutley
1831,T,Aristotle Twelvetrees
1832,T,Dorcus Twelvetrees
1833,T,twenty Ministry wizards
1834,T,Mallory Twiddle
1835,T,Twilfitt
1836,T,Wilkie Twycross
1837,U,Ugga
1838,U,Ug the Unreliable
1839,U,Ulick Gamp
1840,U,Dolores Umbridge's brother
1841,U,Dolores Umbridge
1842,U,Umbridge family
1843,U,Quintius Umfraville
1844,U,Uncle Bilius
1845,U,Uncle Nobby
1846,U,Unctuous Osbert
1847,U,Albanian peasant
1848,U,Muggle tramp
1849,U,two unnamed Muggles in London
1850,U,unnamed witch in Bath
1851,U,Urg the Unclean
1852,U,Uric the Oddball
1853,U,Elphinstone Urquart
1854,U,Urquhart
1855,U,Urquhart Rackharrow
1856,U,Ursula Flint
1857,V,Vaisey
1858,V,Valentina Vázquez
1859,V,Valmai Morgan
1860,V,vampire now unable to eat anything but lettuce
1861,V,Emmeline Vance
1862,V,Romilda Vane
1863,V,Vargot
1864,V,Nikola Vassileva
1865,V,Venusia Crickerly
1866,V,Verity
1867,V,Vernon Dudley
1868,V,Vernon Dursley
1869,V,Veronica Smethley
1870,V,Vicky Frobisher
1871,V,Victoire Weasley
1872,V,Queen Victoria
1873,V,Viktor Krum
1874,V,Vincent Duc de Trefle-Picques
1875,V,Vincent Crabbe
1876,V,Vinda Rosier
1877,V,Violet
1878,V,Violetta Beauvais
1879,V,Violetta Bulstrode
1880,V,Violetta Hobday
1881,V,Violet Tillyman
1882,V,Vindictus Viridian
1883,V,Count Vlad Drakul
1884,V,Volkov
1885,V,Luciano Volpi
1886,V,Vulchanov
1887,V,Nerida Vulchanova
1888,V,Boris Vulchanov
1889,V,Vulchanov family
1890,W,Joscelind Wadcock
1891,W,Adalbert Waffling
1892,W,Wagga Wagga Werewolf
1893,W,Honest Willy Wagstaff
1894,W,Myron Wagtail
1895,W,Wailing Widow
1896,W,Yoshi Wakahisa
1897,W,Wakanda
1898,W,Walburga Black
1899,W,Walden Macnair
1900,W,Walter Parkin
1901,W,Wand-shine Elf
1902,W,Karl Wang
1903,W,Celestina Warbeck
1904,W,Irving Warble
1905,W,Mercy Wardwell
1906,W,Moaning Myrtle
1907,W,Warrington
1908,W,Warty Harris
1909,W,Fabius Watkins
1910,W,Wayne Hopkins
1911,W,Arthur Weasley
1912,W,Audrey Weasley
1913,W,Charlie Weasley
1914,W,Dominique Weasley
1915,W,Weasley family
1916,W,Fred Weasley (II)
1917,W,Fred Weasley
1918,W,George Weasley
1919,W,Ginny Weasley
1920,W,Louis Weasley
1921,W,Lucy Weasley
1922,W,Molly Weasley (II)
1923,W,Molly Weasley
1924,W,Panju Weasley
1925,W,Percy Weasley
1926,W,Ron Weasley
1927,W,Roxanne Weasley
1928,W,Septimus Weasley
1929,W,Victoire Weasley
1930,W,Bill Weasley
1931,W,Weatherby
1932,W,Webster Boot
1933,W,Webster Boot's wife
1934,W,Helmut Weiss
1935,W,Dorcas Wellbeloved
1936,W,Wendelin the Weird
1937,W,Wendell Wilkins
1938,W,Bridget Wenlock
1939,W,Willi Wenzel
1940,W,Kennilworthy Whisp
1941,W,Devlin Whitehorn
1942,W,Samson Wiblin
1943,W,Dempster Wiggleswade
1944,W,Wilhelm Wigworthy
1945,W,Wilbert Slinkhard
1946,W,Wilda Griffiths
1947,W,Ignatia Wildsmith
1948,W,Wilfred Elphick
1949,W,Wilfred the Wistful
1950,W,Wilhelm Fischer
1951,W,Wilhelmina Grubbly-Plank
1952,W,Wilhelmina Tuft
1953,W,Wilkes
1954,W,Wilkie Twycross
1955,W,Monica Wilkins
1956,W,Charity Wilkinson
1957,W,William
1958,W,William Sayre
1959,W,Benjy Williams
1960,W,Williamson
1961,W,Heliotrope Willis
1962,W,Willy Widdershins
1963,W,Gilbert Wimple
1964,W,Winkus Oddpick
1965,W,Winky
1966,W,Winston Churchill
1967,W,Herman Wintringham
1968,W,Welcome Witch
1969,W,witch who asked Barty Crouch Sr. to get a grip
1970,W,Witch who banished the Bandon Banshee
1971,W,witch with a hairy chin
1972,W,witch at Inquiries desk At St. Mungo's
1973,W,Witherwings
1974,W,wizard claiming to have flown to the moon on a Cleansweep 6
1975,W,wizarding souvenir sellers
1976,W,Wizard in a Purple Porkpie Hat
1977,W,some wizards folk who Apparated without a license
1978,W,wizard with a walrus moustache
1979,W,Shikoba Wolfe
1980,W,Wladyslaw Wolfke
1981,W,Wood family
1982,W,Oliver Wood
1983,W,Wool Woman
1984,W,World Cup Mediwizards
1985,W,Wormtail
1986,W,Eldred Worple
1987,W,Momolou Wotorson
1988,W,Bowman Wright
1989,W,Josef Wronski
1990,W,Wyvern of Wye
1991,X,Xavier Rastrick
1992,X,Georgios Xenakis
1993,X,Xenophilius Lovegood
1994,Y,Ryuichi Yamaguchi
1995,Y,Yann Fredericks
1996,Y,Yardley Platt
1997,Y,Corban Yaxley
1998,Y,Yaxley family
1999,Y,several fifth-year girls
2000,Y,two first-year girls frightened into hysterics by Filch
2001,Y,yeti with a head-cold
2002,Y,Yoshi Wakahisa
2003,Y,Cyprian Youdle
2004,Y,Young Red-Haired Witch
2005,Y,two young witches on toy broomsticks
2006,Y,Yusuf Kama
2007,Y,Yvonne
2008,Z,Blaise Zabini
2009,Z,Zacharias Smith
2010,Z,Zacharias Smith's father
2011,Z,Zacharias Mumps
2012,Z,Rawya Zaghloul
2013,Z,Zamira Gulch
2014,Z,Ladislaw Zamojski
2015,Z,Georgi Zdravko
2016,Z,Zograf
2017,Z,Zonko
2018,Z,Valentina Vázquez
2019,Z,Zygmunt Budge
